{"val_loss": [0.0699887676932849, 0.10944215315859765], "val_acc": [0.97375, 0.96375], "loss": [0.13373218414490112, 0.0946184675161203], "acc": [0.96375, 0.976875]}