{"val_loss": [6.809572534561157, 5.77541916847229], "val_acc": [0.3175, 0.44625], "loss": [4.330732865333557, 1.48686702221632], "acc": [0.509375, 0.83875]}